model;metric;mean;ci_low;ci_high
M1: ESM-2 + XGBoost;f1;0.91;0.81;0.98
M1: ESM-2 + XGBoost;precision;0.87;0.73;1.00
M1: ESM-2 + XGBoost;recall;0.95;0.83;1.00
M1: ESM-2 + XGBoost;auc;0.99;0.97;1.00
M1: ESM-2 + XGBoost;pr_auc;0.91;0.76;1.00
M2: ESM-2 + RF;f1;0.78;0.65;0.89
M2: ESM-2 + RF;precision;0.65;0.48;0.81
M2: ESM-2 + RF;recall;1.00;1.00;1.00
M2: ESM-2 + RF;auc;0.98;0.96;1.00
M2: ESM-2 + RF;pr_auc;0.88;0.72;1.00
M3: ProtT5 + XGBoost;f1;0.77;0.64;0.88
M3: ProtT5 + XGBoost;precision;0.63;0.47;0.79
M3: ProtT5 + XGBoost;recall;1.00;1.00;1.00
M3: ProtT5 + XGBoost;auc;0.98;0.96;1.00
M3: ProtT5 + XGBoost;pr_auc;0.84;0.66;1.00
M4: ProtT5 + RF;f1;0.83;0.71;0.93
M4: ProtT5 + RF;precision;0.71;0.55;0.87
M4: ProtT5 + RF;recall;1.00;1.00;1.00
M4: ProtT5 + RF;auc;0.98;0.96;1.00
M4: ProtT5 + RF;pr_auc;0.85;0.67;1.00
M5: AAC/CTD + XGBoost;f1;0.77;0.63;0.90
M5: AAC/CTD + XGBoost;precision;0.71;0.53;0.88
M5: AAC/CTD + XGBoost;recall;0.87;0.71;1.00
M5: AAC/CTD + XGBoost;auc;0.97;0.93;0.99
M5: AAC/CTD + XGBoost;pr_auc;0.79;0.59;0.95
M6: AAC/CTD + RF;f1;0.73;0.57;0.86
M6: AAC/CTD + RF;precision;0.64;0.46;0.82
M6: AAC/CTD + RF;recall;0.86;0.70;1.00
M6: AAC/CTD + RF;auc;0.95;0.91;0.98
M6: AAC/CTD + RF;pr_auc;0.74;0.54;0.93
M7: Graph (chain edges);f1;0.89;0.79;0.98
M7: Graph (chain edges);precision;0.84;0.69;0.96
M7: Graph (chain edges);recall;0.95;0.83;1.00
M7: Graph (chain edges);auc;0.98;0.96;1.00
M7: Graph (chain edges);pr_auc;0.86;0.68;1.00
M8: Graph (contact-map edges);f1;0.84;0.71;0.94
M8: Graph (contact-map edges);precision;0.75;0.59;0.90
M8: Graph (contact-map edges);recall;0.95;0.83;1.00
M8: Graph (contact-map edges);auc;0.95;0.92;0.99
M8: Graph (contact-map edges);pr_auc;0.67;0.48;0.89
